Время,"Визиты"
2015-01-01,67054003
2015-01-02,85701308
2015-01-03,91585678
2015-01-04,94632940
2015-01-05,97029139
2015-01-06,97253570
2015-01-07,98551515
2015-01-08,103520262
2015-01-09,103655710
2015-01-10,102954258
2015-01-11,106567079
2015-01-12,126608070
2015-01-13,122152573
2015-01-14,124086088
2015-01-15,121791677
2015-01-16,115551282
2015-01-17,99234001
2015-01-18,108770011
2015-01-19,126293297
2015-01-20,126454130
2015-01-21,123998099
2015-01-22,124325418
2015-01-23,117817521
2015-01-24,102050510
2015-01-25,111368659
2015-01-26,130491230
2015-01-27,128404226
2015-01-28,126301558
2015-01-29,124361449
2015-01-30,117567557
2015-01-31,100875949
2015-02-01,110401452
2015-02-02,128047549
2015-02-03,126892621
2015-02-04,125779793
2015-02-05,124317739
2015-02-06,116702380
2015-02-07,99100119
2015-02-08,109857460
2015-02-09,130584875
2015-02-10,128426485
2015-02-11,125471113
2015-02-12,123620884
2015-02-13,116841505
2015-02-14,97455989
2015-02-15,108686119
2015-02-16,131689227
2015-02-17,128238161
2015-02-18,126100995
2015-02-19,125439043
2015-02-20,112457597
2015-02-21,94551646
2015-02-22,98728893
2015-02-23,108200110
2015-02-24,128070290
2015-02-25,125177944
2015-02-26,122229975
2015-02-27,112856806
2015-02-28,99215797
2015-03-01,107186983
2015-03-02,126551105
2015-03-03,124516724
2015-03-04,121730749
2015-03-05,116644720
2015-03-06,102197339
2015-03-07,89385996
2015-03-08,91259577
2015-03-09,103979237
2015-03-10,123543555
2015-03-11,121148885
2015-03-12,123318764
2015-03-13,114365840
2015-03-14,95112463
2015-03-15,106626283
2015-03-16,126441385
2015-03-17,124706792
2015-03-18,120800459
2015-03-19,119591096
2015-03-20,113086374
2015-03-21,95562227
2015-03-22,106710025
2015-03-23,127313884
2015-03-24,123903723
2015-03-25,119234006
2015-03-26,119036896
2015-03-27,113219473
2015-03-28,97545226
2015-03-29,108559131
2015-03-30,129059933
2015-03-31,126572349
2015-04-01,122388448
2015-04-02,121949756
2015-04-03,115284888
2015-04-04,97531764
2015-04-05,110134920
2015-04-06,126205585
2015-04-07,125152278
2015-04-08,120369606
2015-04-09,117564645
2015-04-10,109251492
2015-04-11,85778126
2015-04-12,90808150
2015-04-13,121524145
2015-04-14,121904562
2015-04-15,118970231
2015-04-16,118739545
2015-04-17,110023600
2015-04-18,89794350
2015-04-19,104303477
2015-04-20,126159586
2015-04-21,122005399
2015-04-22,122134816
2015-04-23,120780020
2015-04-24,111438009
2015-04-25,89149622
2015-04-26,99775817
2015-04-27,122476512
2015-04-28,115075121
2015-04-29,108827291
2015-04-30,94900833
2015-05-01,73587476
2015-05-02,75038388
2015-05-03,82799428
2015-05-04,97367303
2015-05-05,115759159
2015-05-06,113193247
2015-05-07,109011896
2015-05-08,94462000
2015-05-09,67231336
2015-05-10,79273913
2015-05-11,93720347
2015-05-12,118360007
2015-05-13,115542290
2015-05-14,114111977
2015-05-15,104786975
2015-05-16,89448867
2015-05-17,104210910
2015-05-18,126385301
2015-05-19,122365329
2015-05-20,115251986
2015-05-21,110151951
2015-05-22,99694281
2015-05-23,78480775
2015-05-24,91803547
2015-05-25,116456448
2015-05-26,112710319
2015-05-27,110140679
2015-05-28,108240763
2015-05-29,99833116
2015-05-30,76933057
2015-05-31,87512568
2015-06-01,112015980
2015-06-02,111814027
2015-06-03,108753891
2015-06-04,106280382
2015-06-05,100550688
2015-06-06,77783433
2015-06-07,85758573
2015-06-08,115429035
2015-06-09,113749783
2015-06-10,108993851
2015-06-11,96897170
2015-06-12,73717785
2015-06-13,71722200
2015-06-14,81975651
2015-06-15,112997032
2015-06-16,112596181
2015-06-17,109137184
2015-06-18,105234658
2015-06-19,95923214
2015-06-20,72629958
2015-06-21,80684027
2015-06-22,106528624
2015-06-23,104096336
2015-06-24,102313737
2015-06-25,103187752
2015-06-26,95004811
2015-06-27,74080933
2015-06-28,80867746
2015-06-29,107471424
2015-06-30,103754545
2015-07-01,100193466
2015-07-02,99720860
2015-07-03,94397660
2015-07-04,71653934
2015-07-05,78897459
2015-07-06,107539016
2015-07-07,108729342
2015-07-08,104396359
2015-07-09,101757811
2015-07-10,95970374
2015-07-11,75982578
2015-07-12,85259594
2015-07-13,110890769
2015-07-14,106962259
2015-07-15,104210404
2015-07-16,100734172
2015-07-17,93939495
2015-07-18,72703712
2015-07-19,79046430
2015-07-20,108515453
2015-07-21,107793604
2015-07-22,104209899
2015-07-23,102108083
2015-07-24,95337435
2015-07-25,71853196
2015-07-26,77211680
2015-07-27,106962456
2015-07-28,106750682
2015-07-29,104014146
2015-07-30,101897298
2015-07-31,95741289
2015-08-01,74391765
2015-08-02,79678952
2015-08-03,106656345
2015-08-04,107259117
2015-08-05,102768598
2015-08-06,101644113
2015-08-07,94335362
2015-08-08,72346302
2015-08-09,78185160
2015-08-10,107358701
2015-08-11,105363410
2015-08-12,103297508
2015-08-13,102108799
2015-08-14,96683526
2015-08-15,74415992
2015-08-16,81552781
2015-08-17,110370098
2015-08-18,109443997
2015-08-19,107090200
2015-08-20,103030635
2015-08-21,95282460
2015-08-22,72659241
2015-08-23,78972287
2015-08-24,110022604
2015-08-25,107912000
2015-08-26,106867220
2015-08-27,104740583
2015-08-28,99659030
2015-08-29,79428077
2015-08-30,87644510
2015-08-31,109510122
2015-09-01,102736785
2015-09-02,109229779
2015-09-03,109523645
2015-09-04,102192704
2015-09-05,83239335
2015-09-06,94028263
2015-09-07,117830173
2015-09-08,117345589
2015-09-09,115595886
2015-09-10,112813241
2015-09-11,103826057
2015-09-12,82469388
2015-09-13,93323497
2015-09-14,118576989
2015-09-15,115605205
2015-09-16,115050280
2015-09-17,113687819
2015-09-18,104196197
2015-09-19,82839662
2015-09-20,95682721
2015-09-21,122125794
2015-09-22,119266484
2015-09-23,116927759
2015-09-24,113554733
2015-09-25,104993999
2015-09-26,82979804
2015-09-27,96479202
2015-09-28,124288724
2015-09-29,122236114
2015-09-30,119056269
2015-10-01,114723870
2015-10-02,108614375
2015-10-03,89479469
2015-10-04,98807150
2015-10-05,121913386
2015-10-06,122478854
2015-10-07,121462423
2015-10-08,121079225
2015-10-09,112438565
2015-10-10,92547985
2015-10-11,103965375
2015-10-12,127710496
2015-10-13,126514408
2015-10-14,125615083
2015-10-15,122221958
2015-10-16,113225600
2015-10-17,93306341
2015-10-18,107701232
2015-10-19,132344002
2015-10-20,130295231
2015-10-21,128244243
2015-10-22,126592579
2015-10-23,118581812
2015-10-24,98517954
2015-10-25,111993572
2015-10-26,134811332
2015-10-27,131955493
2015-10-28,129042783
2015-10-29,125279439
2015-10-30,115745588
2015-10-31,97308098
2015-11-01,103676309
2015-11-02,127906664
2015-11-03,121515212
2015-11-04,110223813
2015-11-05,128737319
2015-11-06,120383096
2015-11-07,101280977
2015-11-08,112889569
2015-11-09,134239035
2015-11-10,130194838
2015-11-11,128102176
2015-11-12,129155631
2015-11-13,121862485
2015-11-14,101001527
2015-11-15,115250179
2015-11-16,136143184
2015-11-17,132860125
2015-11-18,131135325
2015-11-19,129592703
2015-11-20,121505810
2015-11-21,102752409
2015-11-22,114617481
2015-11-23,136228294
2015-11-24,130401893
2015-11-25,127292909
2015-11-26,127317845
2015-11-27,119152510
2015-11-28,101117452
2015-11-29,114337266
2015-11-30,134293817
2015-12-01,131781753
2015-12-02,131142608
2015-12-03,130861540
2015-12-04,123334593
2015-12-05,104983464
2015-12-06,118897605
2015-12-07,139904929
2015-12-08,136717842
2015-12-09,133697015
2015-12-10,129777284
2015-12-11,121243967
2015-12-12,102977708
2015-12-13,116240492
2015-12-14,137313868
2015-12-15,134159509
2015-12-16,131478767
2015-12-17,128726319
2015-12-18,119030058
2015-12-19,102353974
2015-12-20,114758291
2015-12-21,133979932
2015-12-22,129756093
2015-12-23,124910809
2015-12-24,120763092
2015-12-25,110839012
2015-12-26,95548379
2015-12-27,101810712
2015-12-28,116523092
2015-12-29,109391454
2015-12-30,98626404
2015-12-31,74795323
2016-01-01,72851486
2016-01-02,90464748
2016-01-03,97147037
2016-01-04,101927315
2016-01-05,103742296
2016-01-06,100732430
2016-01-07,100566319
2016-01-08,106832284
2016-01-09,107115190
2016-01-10,112179796
2016-01-11,134603797
2016-01-12,133667077
2016-01-13,128676924
2016-01-14,129646679
2016-01-15,123258722
2016-01-16,106191586
2016-01-17,117314208
2016-01-18,140053421
2016-01-19,135605717
2016-01-20,136488950
2016-01-21,135525666
2016-01-22,128275889
2016-01-23,109370606
2016-01-24,120365342
2016-01-25,141952033
2016-01-26,139692708
2016-01-27,138154564
2016-01-28,136352780
2016-01-29,129286864
2016-01-30,110606797
2016-01-31,119400396
2016-02-01,141459463
2016-02-02,140806464
2016-02-03,141402677
2016-02-04,139036448
2016-02-05,130356133
2016-02-06,109994710
2016-02-07,120589690
2016-02-08,144844243
2016-02-09,143084274
2016-02-10,140716176
2016-02-11,139425133
2016-02-12,131838184
2016-02-13,110718776
2016-02-14,121106897
2016-02-15,146324972
2016-02-16,144659729
2016-02-17,141129159
2016-02-18,138314412
2016-02-19,132371617
2016-02-20,118576090
2016-02-21,108040050
2016-02-22,113202481
2016-02-23,118098189
2016-02-24,142686588
2016-02-25,140868290
2016-02-26,131263747
2016-02-27,112165247
2016-02-28,124302408
2016-02-29,143886114
2016-03-01,139220639
2016-03-02,137051838
2016-03-03,133110103
2016-03-04,117877785
2016-03-05,103930270
2016-03-06,106486019
2016-03-07,107363758
2016-03-08,108527729
2016-03-09,137386386
2016-03-10,135853429
2016-03-11,126757574
2016-03-12,109081122
2016-03-13,120297515
2016-03-14,142974892
2016-03-15,139939769
2016-03-16,138453605
2016-03-17,135533711
2016-03-18,129495773
2016-03-19,111384312
2016-03-20,123623284
2016-03-21,142539572
2016-03-22,139220891
2016-03-23,137296544
2016-03-24,135223264
2016-03-25,126007327
2016-03-26,106222081
2016-03-27,115417145
2016-03-28,139392241
2016-03-29,137290772
2016-03-30,133989997
2016-03-31,131784445
2016-04-01,123916839
2016-04-02,107928254
2016-04-03,118968643
2016-04-04,140029650
2016-04-05,136535101
2016-04-06,133741938
2016-04-07,134596226
2016-04-08,120597276
2016-04-09,97808252
2016-04-10,111832223
2016-04-11,137758877
2016-04-12,134211922
2016-04-13,130710573
2016-04-14,129521731
2016-04-15,119410736
2016-04-16,99184664
2016-04-17,107070515
2016-04-18,135753068
2016-04-19,134164248
2016-04-20,132964045
2016-04-21,132523163
2016-04-22,122605205
2016-04-23,99587944
2016-04-24,109760470
2016-04-25,134729209
2016-04-26,132036260
2016-04-27,128721651
2016-04-28,120763995
2016-04-29,110502576
2016-04-30,83699547
2016-05-01,78995300
2016-05-02,88759334
2016-05-03,101843777
2016-05-04,126055317
2016-05-05,122791515
2016-05-06,108771060
2016-05-07,82693092
2016-05-08,84394182
2016-05-09,85574381
2016-05-10,124086214
2016-05-11,128226097
2016-05-12,128959702
2016-05-13,117127708
2016-05-14,92398315
2016-05-15,107522900
2016-05-16,134906959
2016-05-17,129977368
2016-05-18,127997618
2016-05-19,124874512
2016-05-20,115330345
2016-05-21,90903953
2016-05-22,99699327
2016-05-23,127931226
2016-05-24,125890255
2016-05-25,119074826
2016-05-26,116356960
2016-05-27,107246189
2016-05-28,81949107
2016-05-29,93175872
2016-05-30,123678057
2016-05-31,121452316
2016-06-01,116301440
2016-06-02,115397470
2016-06-03,106464661
2016-06-04,83147147
2016-06-05,94560313
2016-06-06,126522003
2016-06-07,125294412
2016-06-08,120595935
2016-06-09,118533317
2016-06-10,104955982
2016-06-11,83029340
2016-06-12,85600959
2016-06-13,95084668
2016-06-14,118077316
2016-06-15,114964904
2016-06-16,111509337
2016-06-17,99921508
2016-06-18,76242649
2016-06-19,85260894
2016-06-20,112933771
2016-06-21,110055747
2016-06-22,108853329
2016-06-23,106515799
2016-06-24,98852893
2016-06-25,74880190
2016-06-26,80844930
2016-06-27,113537448
2016-06-28,113847552
2016-06-29,110171358
2016-06-30,106799236
2016-07-01,97300214
2016-07-02,74156730
2016-07-03,79690408
2016-07-04,110256487
2016-07-05,109762715
2016-07-06,108607676
2016-07-07,107567385
2016-07-08,99835661
2016-07-09,76248199
2016-07-10,82591226
2016-07-11,110087279
2016-07-12,107663933
2016-07-13,104839059
2016-07-14,102348947
2016-07-15,94309705
2016-07-16,72166267
2016-07-17,78148822
2016-07-18,105571261
2016-07-19,103760412
2016-07-20,108023520
2016-07-21,104815559
2016-07-22,99186768
2016-07-23,76176063
2016-07-24,81640617
2016-07-25,108738928
2016-07-26,107239524
2016-07-27,105009926
2016-07-28,103401113
2016-07-29,96341615
2016-07-30,74519392
2016-07-31,80235875
2016-08-01,106265284
2016-08-02,106159399
2016-08-03,105967903
2016-08-04,104016007
2016-08-05,95970990
2016-08-06,73334221
2016-08-07,80715151
2016-08-08,109731556
2016-08-09,106208497
2016-08-10,105178261
2016-08-11,104434144
2016-08-12,98399119
2016-08-13,76976073
2016-08-14,85206048
2016-08-15,113152240
2016-08-16,109505971
2016-08-17,107761967
2016-08-18,105742201
2016-08-19,99179614
2016-08-20,78200761
2016-08-21,82967103
2016-08-22,111400302
2016-08-23,111497657
2016-08-24,110235777
2016-08-25,108281646
2016-08-26,100759262
2016-08-27,77380765
2016-08-28,84396945
2016-08-29,114079046
2016-08-30,113865767
2016-08-31,110501901
2016-09-01,102441317
2016-09-02,100939081
2016-09-03,81181790
2016-09-04,93665349
2016-09-05,119693465
2016-09-06,118328647
2016-09-07,117877770
2016-09-08,117460991
2016-09-09,108171519
2016-09-10,85644182
2016-09-11,97054331
2016-09-12,121847009
2016-09-13,123753244
2016-09-14,122371296
2016-09-15,119662457
2016-09-16,111451840
2016-09-17,90426963
2016-09-18,100034707
2016-09-19,127794584
2016-09-20,124550275
2016-09-21,124642644
2016-09-22,123376766
2016-09-23,112770175
2016-09-24,89845516
2016-09-25,101572923
2016-09-26,126408371
2016-09-27,126200650
2016-09-28,124491734
2016-09-29,123221332
2016-09-30,112521021
2016-10-01,88389746
2016-10-02,99465659
2016-10-03,123963919
2016-10-04,125830377
2016-10-05,123645461
2016-10-06,123257543
2016-10-07,115080256
2016-10-08,94662682
2016-10-09,106592479
2016-10-10,130090377
2016-10-11,128348826
2016-10-12,126059434
2016-10-13,125474237
2016-10-14,117826677
2016-10-15,96212582
2016-10-16,108414232
2016-10-17,132704655
2016-10-18,131414973
2016-10-19,130071105
2016-10-20,127448275
2016-10-21,118646286
2016-10-22,97980710
2016-10-23,110616095
2016-10-24,135077110
2016-10-25,132307116
2016-10-26,130086302
2016-10-27,127140225
2016-10-28,117953964
2016-10-29,99263753
2016-10-30,109823478
2016-10-31,131764331
2016-11-01,127435697
2016-11-02,126343936
2016-11-03,118703095
2016-11-04,101276624
2016-11-05,101352543
2016-11-06,111560126
2016-11-07,135121574
2016-11-08,132703444
2016-11-09,130116221
2016-11-10,131560692
2016-11-11,123061349
2016-11-12,104048753
2016-11-13,115909319
2016-11-14,138425321
2016-11-15,135947362
2016-11-16,134621721
2016-11-17,133013760
2016-11-18,124931438
2016-11-19,105813162
2016-11-20,117166706
2016-11-21,138290706
2016-11-22,136253557
2016-11-23,134278197
2016-11-24,133246245
2016-11-25,124283102
2016-11-26,104329983
2016-11-27,115620494
2016-11-28,139309444
2016-11-29,137020317
2016-11-30,135040340
2016-12-01,132717425
2016-12-02,124990306
2016-12-03,107199672
2016-12-04,118195884
2016-12-05,140539426
2016-12-06,138425239
2016-12-07,136281659
2016-12-08,134064321
2016-12-09,124328995
2016-12-10,105744489
2016-12-11,117462991
2016-12-12,140373340
2016-12-13,138136390
2016-12-14,134285070
2016-12-15,132175485
2016-12-16,123677284
2016-12-17,104845700
2016-12-18,115149257
2016-12-19,138045031
2016-12-20,135857233
2016-12-21,132236076
2016-12-22,128196712
2016-12-23,117512120
2016-12-24,97608602
2016-12-25,104982914
2016-12-26,122393055
2016-12-27,118152348
2016-12-28,112010127
2016-12-29,105582686
2016-12-30,94052153
2016-12-31,71492789
2017-01-01,75496782
2017-01-02,94514903
2017-01-03,98543810
2017-01-04,103523528
2017-01-05,105336005
2017-01-06,104434491
2017-01-07,106701675
2017-01-08,110541357
2017-01-09,135181989
2017-01-10,134225552
2017-01-11,133801201
2017-01-12,132609823
2017-01-13,121338515
2017-01-14,103432668
2017-01-15,115963402
2017-01-16,139990840
2017-01-17,138659992
2017-01-18,137579096
2017-01-19,134975422
2017-01-20,127571613
2017-01-21,106378983
2017-01-22,118452445
2017-01-23,143320013
2017-01-24,140864450
2017-01-25,143041624
2017-01-26,142497133
2017-01-27,132563351
2017-01-28,111048550
2017-01-29,123759818
2017-01-30,149429355
2017-01-31,145565601
2017-02-01,142451101
2017-02-02,141799686
2017-02-03,132938286
2017-02-04,112259989
2017-02-05,123997424
2017-02-06,149975895
2017-02-07,149656822
2017-02-08,143805995
2017-02-09,140763892
2017-02-10,130801228
2017-02-11,109932712
2017-02-12,122427797
2017-02-13,146633713
2017-02-14,140823977
2017-02-15,141162022
2017-02-16,139161565
2017-02-17,130960163
2017-02-18,110176265
2017-02-19,122490349
2017-02-20,143101151
2017-02-21,137453878
2017-02-22,120857570
2017-02-23,99668495
2017-02-24,106399064
2017-02-25,108537822
2017-02-26,118907792
2017-02-27,142359004
2017-02-28,137327368
2017-03-01,134860862
2017-03-02,134954878
2017-03-03,126758363
2017-03-04,107034021
2017-03-05,118391693
2017-03-06,136226823
2017-03-07,116936337
2017-03-08,104032964
2017-03-09,134852074
2017-03-10,127804693
2017-03-11,107271894
2017-03-12,119261284
2017-03-13,141237015
2017-03-14,138299363
2017-03-15,135790932
2017-03-16,135603386
2017-03-17,125365212
2017-03-18,105716216
2017-03-19,119612150
2017-03-20,143159931
2017-03-21,139356148
2017-03-22,135460105
2017-03-23,131488455
2017-03-24,121215497
2017-03-25,103766539
2017-03-26,111899537
2017-03-27,139969132
2017-03-28,138194232
2017-03-29,134001346
2017-03-30,132925673
2017-03-31,124620745
2017-04-01,102805917
2017-04-02,115184762
2017-04-03,139913905
2017-04-04,135539747
2017-04-05,133801318
2017-04-06,130302184
2017-04-07,122262355
2017-04-08,99866991
2017-04-09,112182573
2017-04-10,135778855
2017-04-11,131715383
2017-04-12,131728365
2017-04-13,127343068
2017-04-14,121329659
2017-04-15,97968608
2017-04-16,104694472
2017-04-17,138039460
2017-04-18,137994317
2017-04-19,137871274
2017-04-20,133090019
2017-04-21,123426843
2017-04-22,103223922
2017-04-23,116852206
2017-04-24,139296652
2017-04-25,131690310
2017-04-26,129871552
2017-04-27,126436707
2017-04-28,112534534
2017-04-29,85159244
2017-04-30,85489048
2017-05-01,93654537
2017-05-02,127272087
2017-05-03,128181878
2017-05-04,126221165
2017-05-05,111700360
2017-05-06,88342386
2017-05-07,91294108
2017-05-08,98827662
2017-05-09,101051345
2017-05-10,136072553
2017-05-11,135853200
2017-05-12,123411662
2017-05-13,97557330
2017-05-14,107707557
2017-05-15,136242199
2017-05-16,136269506
2017-05-17,134347510
2017-05-18,127433438
2017-05-19,114168632
2017-05-20,87312693
2017-05-21,105735322
2017-05-22,133888160
2017-05-23,128873847
2017-05-24,123169405
2017-05-25,120309857
2017-05-26,111024801
2017-05-27,87242471
2017-05-28,99913115
2017-05-29,129462454
2017-05-30,125499718
2017-05-31,123418208
2017-06-01,120405342
2017-06-02,114938221
2017-06-03,92576947
2017-06-04,101114902
2017-06-05,129264215
2017-06-06,124318377
2017-06-07,119843727
2017-06-08,119131802
2017-06-09,109207437
2017-06-10,84341492
2017-06-11,83796632
2017-06-12,94845175
2017-06-13,126129913
2017-06-14,123598512
2017-06-15,119247670
2017-06-16,109698736
2017-06-17,82730911
2017-06-18,88763376
2017-06-19,122051647
2017-06-20,118463939
2017-06-21,118148589
2017-06-22,116792781
2017-06-23,107757931
2017-06-24,82317779
2017-06-25,90136309
2017-06-26,119146350
2017-06-27,116818084
2017-06-28,111727761
2017-06-29,107998383
2017-06-30,101689782
2017-07-01,80569305
2017-07-02,89418111
2017-07-03,116007479
2017-07-04,115886892
2017-07-05,114183225
2017-07-06,114270174
2017-07-07,106614175
2017-07-08,84027523
2017-07-09,88729573
2017-07-10,115013025
2017-07-11,111915537
2017-07-12,111587093
2017-07-13,109562419
2017-07-14,102061765
2017-07-15,76371105
2017-07-16,81535584
2017-07-17,113009005
2017-07-18,111729398
2017-07-19,110073131
2017-07-20,108438759
2017-07-21,101866061
2017-07-22,77956054
2017-07-23,84250576
2017-07-24,114399802
2017-07-25,112322944
2017-07-26,108645556
2017-07-27,106233150
2017-07-28,98498280
2017-07-29,76721933
2017-07-30,84603610
2017-07-31,113715702
2017-08-01,110296954
2017-08-02,108622776
2017-08-03,107737582
2017-08-04,102727191
2017-08-05,78921858
2017-08-06,84973950
2017-08-07,116057859
2017-08-08,114867253
2017-08-09,111770636
2017-08-10,109735418
2017-08-11,102654375
2017-08-12,78321350
2017-08-13,85270220
2017-08-14,115861255
2017-08-15,113263919
2017-08-16,112171047
2017-08-17,110493566
2017-08-18,103211945
2017-08-19,78742415
2017-08-20,85166973
2017-08-21,116650274
2017-08-22,115688133
2017-08-23,116922905
2017-08-24,114965442
2017-08-25,108493029
2017-08-26,85068996
2017-08-27,91906762
2017-08-28,123707405
2017-08-29,121730055
2017-08-30,117661003
2017-08-31,113119018
2017-09-01,100487239
2017-09-02,86247293
2017-09-03,95355814
2017-09-04,125256053
2017-09-05,129271000
2017-09-06,128846548
2017-09-07,126117834
2017-09-08,116364088
2017-09-09,93552599
2017-09-10,103587913
2017-09-11,133495767
2017-09-12,130571757
2017-09-13,130512405
2017-09-14,128451511
2017-09-15,117295294
2017-09-16,91832794
2017-09-17,105305163
2017-09-18,135091322
2017-09-19,134367519
2017-09-20,131602957
2017-09-21,130424068
2017-09-22,118884882
2017-09-23,95336663
2017-09-24,107893223
2017-09-25,136229317
2017-09-26,135356712
2017-09-27,133967062
2017-09-28,131018807
2017-09-29,120919027
2017-09-30,99872485
2017-10-01,111159707
2017-10-02,136040540
2017-10-03,136183063
2017-10-04,134526360
2017-10-05,133169142
2017-10-06,124758232
2017-10-07,101745768
2017-10-08,111612666
2017-10-09,140131921
2017-10-10,137790636
2017-10-11,137719756
2017-10-12,136394116
2017-10-13,127176451
2017-10-14,106221748
2017-10-15,119953540
2017-10-16,145303158
2017-10-17,141710028
2017-10-18,140816673
2017-10-19,138169167
2017-10-20,127148745
2017-10-21,105787725
2017-10-22,120174231
2017-10-23,146710115
2017-10-24,144102952
2017-10-25,141499257
2017-10-26,138116326
2017-10-27,126747784
2017-10-28,107549973
2017-10-29,119133746
2017-10-30,145921717
2017-10-31,143773276
2017-11-01,139034870
2017-11-02,136681960
2017-11-03,125193951
2017-11-04,105511584
2017-11-05,112634912
2017-11-06,124112873
2017-11-07,147225765
2017-11-08,145343754
2017-11-09,143745868
2017-11-10,134855419
2017-11-11,114772239
2017-11-12,127576334
2017-11-13,152578174
2017-11-14,150785039
2017-11-15,147600070
2017-11-16,146179271
2017-11-17,134608716
2017-11-18,113293417
2017-11-19,128000810
2017-11-20,150792452
2017-11-21,148370041
2017-11-22,146750113
2017-11-23,145470151
2017-11-24,134652060
2017-11-25,112710354
2017-11-26,124730449
2017-11-27,153823904
2017-11-28,150982004
2017-11-29,148344760
2017-11-30,145039244
2017-12-01,134974141
2017-12-02,116050893
2017-12-03,129408191
2017-12-04,154684048
2017-12-05,152592184
2017-12-06,148901639
2017-12-07,146509192
2017-12-08,135826382
2017-12-09,115338679
2017-12-10,129341207
2017-12-11,155784133
2017-12-12,152974847
2017-12-13,149864224
2017-12-14,146123944
2017-12-15,134505152
2017-12-16,114843160
2017-12-17,128579840
2017-12-18,153819193
2017-12-19,149206096
2017-12-20,145191616
2017-12-21,140586960
2017-12-22,128298347
2017-12-23,108110139
2017-12-24,118886415
2017-12-25,140059052
2017-12-26,133079428
2017-12-27,126577864
2017-12-28,119276018
2017-12-29,108078331
2017-12-30,94333074
2017-12-31,81509430
2018-01-01,85192024
2018-01-02,104604269
2018-01-03,108454695
2018-01-04,111958101
2018-01-05,112426106
2018-01-06,111018018
2018-01-07,113147749
2018-01-08,122781285
2018-01-09,146799208
2018-01-10,147222692
2018-01-11,146327791
2018-01-12,138031578
2018-01-13,113442724
2018-01-14,126724243
2018-01-15,153442412
2018-01-16,153453887
2018-01-17,153091760
2018-01-18,149782785
2018-01-19,139077330
2018-01-20,118925263
2018-01-21,132141465
2018-01-22,158549788
2018-01-23,156574600
2018-01-24,154475075
2018-01-25,152203483
2018-01-26,141827390
2018-01-27,119014621
2018-01-28,130034570
2018-01-29,156407554
2018-01-30,153018559
2018-01-31,149857485
2018-02-01,147569207
2018-02-02,138228031
2018-02-03,116616505
2018-02-04,128437848
2018-02-05,153552999
2018-02-06,151906111
2018-02-07,150183716
2018-02-08,147327624
2018-02-09,137942379
2018-02-10,116193873
2018-02-11,129439108
2018-02-12,154400039
2018-02-13,152943826
2018-02-14,145331814
2018-02-15,145051655
2018-02-16,136829707
2018-02-17,115808728
2018-02-18,125514221
2018-02-19,154874709
2018-02-20,152690670
2018-02-21,146937891
2018-02-22,132686359
2018-02-23,112461042
2018-02-24,118896356
2018-02-25,132729703
2018-02-26,156757175
2018-02-27,154703971
2018-02-28,151040122
2018-03-01,148538490
2018-03-02,139886213
2018-03-03,121858094
2018-03-04,136527240
2018-03-05,152867450
2018-03-06,144161609
2018-03-07,123990467
2018-03-08,105645644
2018-03-09,115531173
2018-03-10,120924211
2018-03-11,133474978
2018-03-12,156168084
2018-03-13,153168696
2018-03-14,151898025
2018-03-15,148867396
2018-03-16,139554799
2018-03-17,122174632
2018-03-18,131294932
2018-03-19,159426711
2018-03-20,154371449
2018-03-21,152518816
2018-03-22,149683410
2018-03-23,141038332
2018-03-24,118251294
2018-03-25,127173957
2018-03-26,151803676
2018-03-27,146385652
2018-03-28,142610293
2018-03-29,144303428
2018-03-30,136662883
2018-03-31,117847154
2018-04-01,126060578
2018-04-02,150353576
2018-04-03,150022341
2018-04-04,146755902
2018-04-05,139376312
2018-04-06,132557696
2018-04-07,113627847
2018-04-08,117565267
2018-04-09,148831771
2018-04-10,149291639
2018-04-11,150554870
2018-04-12,147002584
2018-04-13,134935119
2018-04-14,109746838
2018-04-15,120754874
2018-04-16,148994373
2018-04-17,145757368
2018-04-18,152850255
2018-04-19,150521386
2018-04-20,138946350
2018-04-21,115532482
2018-04-22,133596528
2018-04-23,160146791
2018-04-24,154481782
2018-04-25,150001444
2018-04-26,147353885
2018-04-27,136734931
2018-04-28,121733858
2018-04-29,102849758
2018-04-30,101368576
2018-05-01,100560901
2018-05-02,115715561
2018-05-03,141521809
2018-05-04,134384291
2018-05-05,110960218
2018-05-06,122838553
2018-05-07,147857410
2018-05-08,132716792
2018-05-09,107339879
2018-05-10,146191351
2018-05-11,134198784
2018-05-12,106249308
2018-05-13,118543701
2018-05-14,149751717
2018-05-15,147968492
2018-05-16,146886151
2018-05-17,144558142
2018-05-18,133828636
2018-05-19,109730475
2018-05-20,122927107
2018-05-21,151562933
2018-05-22,147562954
2018-05-23,141342330
2018-05-24,137565181
2018-05-25,129282272
2018-05-26,104379350
2018-05-27,113910611
2018-05-28,146481961
2018-05-29,142648160
2018-05-30,139946628
2018-05-31,141181260
2018-06-01,129571894
2018-06-02,103727194
2018-06-03,112271384
2018-06-04,144240232
2018-06-05,144769507
2018-06-06,140028659
2018-06-07,137878340
2018-06-08,134354244
2018-06-09,122271927
2018-06-10,102483836
2018-06-11,108009394
2018-06-12,114783778
2018-06-13,142815194
2018-06-14,138610507
2018-06-15,126555135
2018-06-16,101419956
2018-06-17,107907966
2018-06-18,136521310
2018-06-19,135912831
2018-06-20,134394761
2018-06-21,133047699
2018-06-22,122166910
2018-06-23,95281614
2018-06-24,104183121
2018-06-25,132433808
2018-06-26,130531156
2018-06-27,128341533
2018-06-28,125695181
2018-06-29,118475863
2018-06-30,95853112
2018-07-01,101413995
2018-07-02,129620915
2018-07-03,131279244
2018-07-04,130734452
2018-07-05,128428420
2018-07-06,121002547
2018-07-07,94003173
2018-07-08,102446615
2018-07-09,132300460
2018-07-10,130403548
2018-07-11,127336854
2018-07-12,125607041
2018-07-13,117977100
2018-07-14,94140282
2018-07-15,99256115
2018-07-16,129064952
2018-07-17,129405118
2018-07-18,130226722
2018-07-19,128345365
2018-07-20,119836303
2018-07-21,97729864
2018-07-22,103150870
2018-07-23,131099364
2018-07-24,129024933
2018-07-25,125115229
2018-07-26,122070863
2018-07-27,115813924
2018-07-28,92016010
2018-07-29,98858122
2018-07-30,128240319
2018-07-31,125813335
2018-08-01,122640294
2018-08-02,122027721
2018-08-03,116738492
2018-08-04,95343303
2018-08-05,101790908
2018-08-06,129390188
2018-08-07,129287288
2018-08-08,127208531
2018-08-09,125994713
2018-08-10,116879118
2018-08-11,93904883
2018-08-12,101738997
2018-08-13,131292803
2018-08-14,131335727
2018-08-15,130142548
2018-08-16,128001076
2018-08-17,118773629
2018-08-18,96087313
2018-08-19,103016176
2018-08-20,131860542
2018-08-21,132525831
2018-08-22,131325567
2018-08-23,129400374
2018-08-24,121362038
2018-08-25,98524703
2018-08-26,104308228
2018-08-27,133476014
2018-08-28,132316678
2018-08-29,132024725
2018-08-30,132004306
2018-08-31,124368711
2018-09-01,98714162
2018-09-02,108739548
2018-09-03,137521417
2018-09-04,140594826
2018-09-05,138574219
2018-09-06,136640307
2018-09-07,126276979
2018-09-08,104112707
2018-09-09,118195422
2018-09-10,149199687
2018-09-11,146588891
2018-09-12,144342945
2018-09-13,142649000
2018-09-14,131253720
2018-09-15,107964841
2018-09-16,125650654
2018-09-17,151679535
2018-09-18,150291110
2018-09-19,147485329
2018-09-20,144170905
2018-09-21,131409852
2018-09-22,107715019
2018-09-23,125161318
2018-09-24,153889803
2018-09-25,152598004
2018-09-26,148589726
2018-09-27,146849344
2018-09-28,136334668
2018-09-29,118085880
2018-09-30,130965206
2018-10-01,151011152
2018-10-02,152589800
2018-10-03,153437854
2018-10-04,149704772
2018-10-05,139224544
2018-10-06,119596109
2018-10-07,132934578
2018-10-08,155292916
2018-10-09,153582283
2018-10-10,152013082
2018-10-11,150124521
2018-10-12,139106418
2018-10-13,116128119
2018-10-14,131512413
2018-10-15,156595459
2018-10-16,155897897
2018-10-17,155628214
2018-10-18,152925185
2018-10-19,142140049
2018-10-20,120327778
2018-10-21,136398943
2018-10-22,163002733
2018-10-23,162493829
2018-10-24,161475604
2018-10-25,157516514
2018-10-26,144181767
2018-10-27,120969218
2018-10-28,133505783
2018-10-29,160015244
2018-10-30,158755616
2018-10-31,155428398
2018-11-01,151094000
2018-11-02,142584753
2018-11-03,121276605
2018-11-04,128200580
2018-11-05,138031583
2018-11-06,162500983
2018-11-07,162204690
2018-11-08,160516613
2018-11-09,150165922
2018-11-10,130044194
2018-11-11,143411004
2018-11-12,167309175
2018-11-13,165209492
2018-11-14,163596276
2018-11-15,162779462
2018-11-16,150850795
2018-11-17,128363247
2018-11-18,143903452
2018-11-19,171320093
2018-11-20,169623097
2018-11-21,167017732
2018-11-22,166203490
2018-11-23,153291932
2018-11-24,131131006
2018-11-25,143531475
2018-11-26,170353420
2018-11-27,169543857
2018-11-28,167807197
2018-11-29,165639574
2018-11-30,151598926
2018-12-01,131514339
2018-12-02,146295275
2018-12-03,171964175
2018-12-04,171349969
2018-12-05,168505634
2018-12-06,164786770
2018-12-07,152958685
2018-12-08,132599338
2018-12-09,142980937
2018-12-10,172712375
2018-12-11,171319802
2018-12-12,168688576
2018-12-13,165869841
2018-12-14,152358664
2018-12-15,130206785
2018-12-16,145495492
2018-12-17,171580196
2018-12-18,168373348
2018-12-19,163922517
2018-12-20,160445730
2018-12-21,148109328
2018-12-22,128139883
2018-12-23,140189891
2018-12-24,162681293
2018-12-25,155308926
2018-12-26,148379491
2018-12-27,140807595
2018-12-28,131103079
2018-12-29,119829254
2018-12-30,109635142
2018-12-31,94891792
2019-01-01,102625183
2019-01-02,119380996
2019-01-03,123874095
2019-01-04,126864478
2019-01-05,127438400
2019-01-06,127880578
2019-01-07,130702844
2019-01-08,141208554
2019-01-09,167704380
2019-01-10,168372158
2019-01-11,160415540
2019-01-12,140367027
2019-01-13,145792146
2019-01-14,175576151
2019-01-15,176022638
2019-01-16,175024639
2019-01-17,173649368
2019-01-18,159902334
2019-01-19,137955367
2019-01-20,153777308
2019-01-21,180818332
2019-01-22,178862314
2019-01-23,178109367
2019-01-24,176540951
2019-01-25,165673961
2019-01-26,144513660
2019-01-27,156578700
2019-01-28,182076195
2019-01-29,179371308
2019-01-30,177224326
2019-01-31,174400228
2019-02-01,163388345
2019-02-02,142747798
2019-02-03,157239894
2019-02-04,182221401
2019-02-05,181578384
2019-02-06,179982570
2019-02-07,178361438
2019-02-08,164409928
2019-02-09,143296519
2019-02-10,157294846
2019-02-11,183442505
2019-02-12,179322066
2019-02-13,175865619
2019-02-14,171658163
2019-02-15,163561894
2019-02-16,140323657
2019-02-17,155570780
2019-02-18,182677270
2019-02-19,181234042
2019-02-20,178216749
2019-02-21,174028304
2019-02-22,154659298
2019-02-23,130800136
2019-02-24,153357290
2019-02-25,182861461
2019-02-26,182085185
2019-02-27,178921496
2019-02-28,175272282
2019-03-01,162400308
2019-03-02,143258071
2019-03-03,157990014
2019-03-04,179585006
2019-03-05,177188754
2019-03-06,167465281
2019-03-07,143200207
2019-03-08,122187122
2019-03-09,135562641
2019-03-10,153113728
2019-03-11,182990046
2019-03-12,179568793
2019-03-13,178834979
2019-03-14,176920287
2019-03-15,165485864
2019-03-16,147630780
2019-03-17,165317421
2019-03-18,185939080
2019-03-19,181858682
2019-03-20,177770279
2019-03-21,176330155
2019-03-22,165161329
2019-03-23,141029528
2019-03-24,151912786
2019-03-25,175142067
2019-03-26,173313879
2019-03-27,170430804
2019-03-28,168730472
2019-03-29,159929438
2019-03-30,139538585
2019-03-31,149589913
2019-04-01,176357672
2019-04-02,177102064
2019-04-03,176757998
2019-04-04,172500478
2019-04-05,159298347
2019-04-06,136769442
2019-04-07,151797901
2019-04-08,179130208
2019-04-09,174546848
2019-04-10,172908840
2019-04-11,169139094
2019-04-12,157551547
2019-04-13,136059562
2019-04-14,155900361
2019-04-15,181254784
2019-04-16,179659293
2019-04-17,175897478
2019-04-18,172735210
2019-04-19,157645889
2019-04-20,131524922
2019-04-21,145917059
2019-04-22,174474354
2019-04-23,172429670
2019-04-24,167100585
2019-04-25,159127475
2019-04-26,149282868
2019-04-27,121945259
2019-04-28,136927787
2019-04-29,168843237
2019-04-30,149949789
2019-05-01,120610713
2019-05-02,128187904
2019-05-03,127978440
2019-05-04,126957672
2019-05-05,138303936
2019-05-06,162489854
2019-05-07,155925361
2019-05-08,142922771
2019-05-09,111303724
2019-05-10,121239193
2019-05-11,123589594
2019-05-12,140937039
2019-05-13,173638819
2019-05-14,170940655
2019-05-15,170781443
2019-05-16,167564203
2019-05-17,154573455
2019-05-18,126925858
2019-05-19,144142880
2019-05-20,173762779
2019-05-21,170156748
2019-05-22,164740568
2019-05-23,163148726
2019-05-24,152494957
2019-05-25,128423545
2019-05-26,137862649
2019-05-27,167429418
2019-05-28,160077780
2019-05-29,155683097
2019-05-30,154580101
2019-05-31,145135983
2019-06-01,118525492
2019-06-02,129365525
2019-06-03,159782250
2019-06-04,158525911
2019-06-05,156685368
2019-06-06,153225085
2019-06-07,143173856
2019-06-08,117006328
2019-06-09,126641978
2019-06-10,158216656
2019-06-11,150430767
2019-06-12,131232473
2019-06-13,156623413
2019-06-14,147900221
2019-06-15,120198563
2019-06-16,127556868
2019-06-17,153780063
2019-06-18,152284529
2019-06-19,149539593
2019-06-20,146148286
2019-06-21,137674081
2019-06-22,111583449
2019-06-23,122138735
2019-06-24,152688745
2019-06-25,152013611
2019-06-26,150425249
2019-06-27,149086338
2019-06-28,142304019
2019-06-29,120123005
2019-06-30,124209614
2019-07-01,149422513
2019-07-02,150935583
2019-07-03,149830755
2019-07-04,147173451
2019-07-05,137811044
2019-07-06,115499902
2019-07-07,122091110
2019-07-08,151146269
2019-07-09,150100424
2019-07-10,147923305
2019-07-11,146894009
2019-07-12,138574777
2019-07-13,113251680
2019-07-14,119624678
2019-07-15,149842650
2019-07-16,148427866
2019-07-17,147544936
2019-07-18,144236526
2019-07-19,136863343
2019-07-20,112585493
2019-07-21,119806086
2019-07-22,147603497
2019-07-23,148130658
2019-07-24,147303466
2019-07-25,144344839
2019-07-26,134485170
2019-07-27,108735497
2019-07-28,116833610
2019-07-29,148686215
2019-07-30,148119245
2019-07-31,148477379
2019-08-01,145190687
2019-08-02,138050445
2019-08-03,116304708
2019-08-04,122598272
2019-08-05,150072973
2019-08-06,147791503
2019-08-07,143885082
2019-08-08,141963327
2019-08-09,138844974
2019-08-10,116446740
2019-08-11,120836185
2019-08-12,146149997
2019-08-13,147024020
2019-08-14,144055030
2019-08-15,140347420
2019-08-16,136957429
2019-08-17,116527589
2019-08-18,121936777
2019-08-19,150659753
2019-08-20,146068243
2019-08-21,144842452
2019-08-22,143491081
2019-08-23,136877968
2019-08-24,114031627
2019-08-25,122025040
2019-08-26,149791019
2019-08-27,150274530
2019-08-28,148346837
2019-08-29,144763104
2019-08-30,137387360
2019-08-31,117277758
2019-09-01,122048468
2019-09-02,143337581
2019-09-03,154393269
2019-09-04,155608792
2019-09-05,155240342
2019-09-06,143414516
2019-09-07,122824570
2019-09-08,133759329
2019-09-09,162820344
2019-09-10,160213630
2019-09-11,159252641
2019-09-12,156137458
2019-09-13,145901065
2019-09-14,126278569
2019-09-15,141719795
2019-09-16,169962148
2019-09-17,169725205
2019-09-18,167922866
2019-09-19,164320811
2019-09-20,149791342
2019-09-21,128568923
2019-09-22,144566892
2019-09-23,168511981
2019-09-24,166987164
2019-09-25,167039070
2019-09-26,167234309
2019-09-27,155329350
2019-09-28,133656019
2019-09-29,149885157
2019-09-30,174305673
2019-10-01,174422370
2019-10-02,170911888
2019-10-03,164558541
2019-10-04,153657188
2019-10-05,131301288
2019-10-06,150279328
2019-10-07,174776392
2019-10-08,175103162
2019-10-09,174813701
2019-10-10,170833682
2019-10-11,159609152
2019-10-12,138312705
2019-10-13,151828209
2019-10-14,179493023
2019-10-15,177976510
2019-10-16,176344773
2019-10-17,170024497
2019-10-18,162798016
2019-10-19,141232302
2019-10-20,155464308
2019-10-21,183482177
2019-10-22,182277501
2019-10-23,179576855
2019-10-24,174061606
2019-10-25,159588545
2019-10-26,141185609
2019-10-27,150322947
2019-10-28,176408112
2019-10-29,174390674
2019-10-30,171655328
2019-10-31,167481800
2019-11-01,156595245
2019-11-02,136629725
2019-11-03,144560650
2019-11-04,156025208
2019-11-05,179335317
2019-11-06,178744619
2019-11-07,175414593
2019-11-08,161875347
2019-11-09,142345662
2019-11-10,158666042
2019-11-11,189696716
2019-11-12,184992728
2019-11-13,182621533
2019-11-14,180696665
2019-11-15,167486201
2019-11-16,145028798
2019-11-17,159448781
2019-11-18,186391194
2019-11-19,187085969
2019-11-20,185097936
2019-11-21,180976397
2019-11-22,168424684
2019-11-23,147431458
2019-11-24,161541172
2019-11-25,188940007
2019-11-26,188776852
2019-11-27,187331090
2019-11-28,185336946
2019-11-29,173040652
2019-11-30,150539309
2019-12-01,166887270
2019-12-02,191147890
2019-12-03,189204089
2019-12-04,185831354
2019-12-05,183068930
2019-12-06,170764777
2019-12-07,149940416
2019-12-08,167421165
2019-12-09,191791962
2019-12-10,192286713
2019-12-11,188856425
2019-12-12,186124366
2019-12-13,171996303
2019-12-14,147713514
2019-12-15,163609008
2019-12-16,189783099
2019-12-17,186830940
2019-12-18,184576033
2019-12-19,184130365
2019-12-20,165514114
2019-12-21,145139110
2019-12-22,158477332
2019-12-23,183169764
2019-12-24,177342407
2019-12-25,169427249
2019-12-26,161699970
2019-12-27,150459964
2019-12-28,135931913
2019-12-29,137132734
2019-12-30,142994548
2019-12-31,112094591
2020-01-01,118868483
2020-01-02,134865712
2020-01-03,139605312
2020-01-04,141970644
2020-01-05,145073876
2020-01-06,145213130
2020-01-07,146369161
2020-01-08,157460372
2020-01-09,180091365
2020-01-10,176101684
2020-01-11,153965448
2020-01-12,164641691
2020-01-13,186917039
2020-01-14,189056565
2020-01-15,191947068
2020-01-16,192606368
2020-01-17,179119198
2020-01-18,154409294
2020-01-19,171418741
2020-01-20,197446911
2020-01-21,201641342
2020-01-22,195766262
2020-01-23,194052360
2020-01-24,180331547
2020-01-25,158055569
2020-01-26,170760764
2020-01-27,197378244
2020-01-28,195891430
2020-01-29,193757745
2020-01-30,190079560
2020-01-31,177779982
2020-02-01,156329980
2020-02-02,170203577
2020-02-03,196526347
2020-02-04,195214856
2020-02-05,192325617
2020-02-06,189770329
2020-02-07,178829855
2020-02-08,156476901
2020-02-09,171878928
2020-02-10,196176803
2020-02-11,194828798
2020-02-12,191025087
2020-02-13,189074339
2020-02-14,174379751
2020-02-15,154645692
2020-02-16,169168660
2020-02-17,195175427
2020-02-18,195016550
2020-02-19,190918704
2020-02-20,185991801
2020-02-21,169082212
2020-02-22,149448862
2020-02-23,151096041
2020-02-24,171267402
2020-02-25,195876934
2020-02-26,195401201
2020-02-27,192595743
2020-02-28,179004308
2020-02-29,159650308
2020-03-01,168447889
2020-03-02,199438435
2020-03-03,197460657
2020-03-04,193299548
2020-03-05,186463368
2020-03-06,160086870
2020-03-07,141942517
2020-03-08,138091843
2020-03-09,166371263
2020-03-10,196087094
2020-03-11,192874060
2020-03-12,192369161
2020-03-13,178933568
2020-03-14,156516264
2020-03-15,173665009
2020-03-16,194833930
2020-03-17,190287987
2020-03-18,189332999
2020-03-19,190381961
2020-03-20,178843440
2020-03-21,156220711
2020-03-22,166890328
2020-03-23,194967703
2020-03-24,196470042
2020-03-25,201122918
2020-03-26,191914266
2020-03-27,178054573
2020-03-28,161004894
2020-03-29,167614447
2020-03-30,190415945
2020-03-31,193970495
2020-04-01,194072989
2020-04-02,198949075
2020-04-03,194494776
2020-04-04,179192150
2020-04-05,188712366
2020-04-06,224673147
2020-04-07,229421568
2020-04-08,228452395
2020-04-09,228015785
2020-04-10,216697568
2020-04-11,186305609
2020-04-12,196491166
2020-04-13,237770080
2020-04-14,237684205
2020-04-15,239060565
2020-04-16,231632959
2020-04-17,223959863
2020-04-18,185918848
2020-04-19,182582556
2020-04-20,236506340
2020-04-21,237965197
2020-04-22,237401952
2020-04-23,233933176
2020-04-24,219162593
2020-04-25,185132471
2020-04-26,188089871
2020-04-27,231851417
2020-04-28,231492742
2020-04-29,229224847
2020-04-30,211002393
2020-05-01,163820370
2020-05-02,160166580
2020-05-03,162524953
2020-05-04,175621325
2020-05-05,179489819
2020-05-06,203510931
2020-05-07,202338981
2020-05-08,187172774
2020-05-09,148193385
2020-05-10,164961133
2020-05-11,181773719
2020-05-12,227440094
2020-05-13,229211713
2020-05-14,222305204
2020-05-15,207530373
2020-05-16,171424847
2020-05-17,176068150
2020-05-18,222845484
2020-05-19,220647895
2020-05-20,216616105
2020-05-21,214611223
2020-05-22,198747120
2020-05-23,164086939
2020-05-24,170215908
2020-05-25,200507027
2020-05-26,198678740
2020-05-27,192267516
2020-05-28,187485631
2020-05-29,177331689
2020-05-30,150188422
2020-05-31,166995475
2020-06-01,195610159
2020-06-02,193785126
2020-06-03,188476285
2020-06-04,184573231
2020-06-05,174049726
2020-06-06,145876796
2020-06-07,150952301
2020-06-08,177858656
2020-06-09,176212082
2020-06-10,177615094
2020-06-11,167248970
2020-06-12,143982863
2020-06-13,144142103
2020-06-14,152093488
2020-06-15,178450598
2020-06-16,175227653
2020-06-17,173285833
2020-06-18,172807174
2020-06-19,165310991
2020-06-20,144186410
2020-06-21,153685058
2020-06-22,179969183
2020-06-23,175123382
2020-06-24,156767859
2020-06-25,174181704
2020-06-26,163205472
2020-06-27,140479208
2020-06-28,150686229
2020-06-29,177295410
2020-06-30,171728552
2020-07-01,157951409
2020-07-02,172303284
2020-07-03,159533004
2020-07-04,137568783
2020-07-05,145202819
2020-07-06,168367350
2020-07-07,166686939
2020-07-08,166940325
2020-07-09,164538945
2020-07-10,155652951
2020-07-11,132620495
2020-07-12,140375509
2020-07-13,169510169
2020-07-14,170825747
2020-07-15,168311732
2020-07-16,165690682
2020-07-17,155372825
2020-07-18,132240400
2020-07-19,142516399
2020-07-20,169274912
2020-07-21,171134519
2020-07-22,170092093
2020-07-23,167972237
2020-07-24,158761987
2020-07-25,135010106
2020-07-26,141429548
2020-07-27,166711827
2020-07-28,166999002
2020-07-29,169142918
2020-07-30,165499206
2020-07-31,159508330
2020-08-01,142293165
2020-08-02,147906917
2020-08-03,168086426
2020-08-04,166605223
2020-08-05,162549506
2020-08-06,159651837
2020-08-07,153798182
2020-08-08,132415632
2020-08-09,142024259
2020-08-10,169293589
2020-08-11,168582580
2020-08-12,166630285
2020-08-13,166656621
2020-08-14,158041170
2020-08-15,137910416
2020-08-16,142610124
2020-08-17,166641058
2020-08-18,165037185
2020-08-19,165251458
2020-08-20,161121335
2020-08-21,154083432
2020-08-22,133331380
2020-08-23,141924437
2020-08-24,166804487
2020-08-25,165205725
2020-08-26,166930217
2020-08-27,163244435
2020-08-28,156827940
2020-08-29,134893751
2020-08-30,142799130
2020-08-31,161662437
2020-09-01,159292786
2020-09-02,173648912
2020-09-03,174836397
2020-09-04,160642084
2020-09-05,143298188
2020-09-06,157367837
2020-09-07,184221043
2020-09-08,188092667
2020-09-09,186433816
2020-09-10,181188539
2020-09-11,164528234
2020-09-12,142182758
2020-09-13,160494799
2020-09-14,190317517
2020-09-15,188339025
2020-09-16,186554226
2020-09-17,186417718
2020-09-18,169745249
2020-09-19,149911585
2020-09-20,164246870
2020-09-21,192443582
2020-09-22,189805586
2020-09-23,188079507
2020-09-24,186052611
2020-09-25,167053390
2020-09-26,144452184
2020-09-27,161019982
2020-09-28,194077530
2020-09-29,194527792
2020-09-30,191678030
2020-10-01,187963367
2020-10-02,169309385
2020-10-03,147899014
2020-10-04,163692141
2020-10-05,191621330
2020-10-06,193641347
2020-10-07,193849717
2020-10-08,192024897
2020-10-09,175921329
2020-10-10,152140674
2020-10-11,168604825
2020-10-12,199585732
2020-10-13,197650460
2020-10-14,197418556
2020-10-15,194865251
2020-10-16,179162943
2020-10-17,157129288
2020-10-18,176978585
2020-10-19,202275692
2020-10-20,203079422
2020-10-21,201066541
2020-10-22,199818217
2020-10-23,183691397
2020-10-24,166964015
2020-10-25,172968351
2020-10-26,197867854
2020-10-27,196509910
2020-10-28,195053830
2020-10-29,190897138
2020-10-30,179348822
2020-10-31,159090446
2020-11-01,170100387
2020-11-02,194947880
2020-11-03,189223251
2020-11-04,180166607
2020-11-05,201524105
2020-11-06,190754603
2020-11-07,170359062
2020-11-08,185513516
2020-11-09,215358112
2020-11-10,214653930
2020-11-11,213018023
2020-11-12,209512005
2020-11-13,190740605
2020-11-14,167715463
2020-11-15,184936647
2020-11-16,216919157
2020-11-17,215662809
2020-11-18,214753830
2020-11-19,211811507
2020-11-20,193527210
2020-11-21,169167723
2020-11-22,185908969
2020-11-23,217619500
2020-11-24,218265492
2020-11-25,213862290
2020-11-26,212312554
2020-11-27,192254831
2020-11-28,168138168
2020-11-29,182766806
2020-11-30,215031999
2020-12-01,212911336
2020-12-02,212292646
2020-12-03,210913884
2020-12-04,191209605
2020-12-05,168994089
2020-12-06,185043420
2020-12-07,213962685
2020-12-08,214646985
2020-12-09,212222940
2020-12-10,209399898
2020-12-11,191074901
2020-12-12,170786791
2020-12-13,187561465
2020-12-14,218865425
2020-12-15,213373500
2020-12-16,209544223
2020-12-17,208803312
2020-12-18,190211482
2020-12-19,167728199
2020-12-20,183531006
2020-12-21,212276372
2020-12-22,208630721
2020-12-23,204113340
2020-12-24,196836077
2020-12-25,180246880
2020-12-26,160031178
2020-12-27,163983703
2020-12-28,180321065
2020-12-29,169565980
2020-12-30,152569873
2020-12-31,119087779
2021-01-01,130537720
2021-01-02,152161796
2021-01-03,158153317
2021-01-04,162273388
2021-01-05,163020121
2021-01-06,159951919
2021-01-07,158006976
2021-01-08,166979245
2021-01-09,167165166
2021-01-10,173927678
2021-01-11,202067209
2021-01-12,208405497
2021-01-13,203677878
2021-01-14,202707736
2021-01-15,189338667
2021-01-16,169098471
2021-01-17,186326442
2021-01-18,215264921
2021-01-19,210317619
2021-01-20,210436903
2021-01-21,207185988
2021-01-22,189834528
2021-01-23,170376086
2021-01-24,189328572
2021-01-25,213231875
2021-01-26,213701462
2021-01-27,212332161
2021-01-28,209483734
2021-01-29,191456595
2021-01-30,169740266
2021-01-31,186952043
2021-02-01,213298191
2021-02-02,213469985
2021-02-03,209351039
2021-02-04,206988994
2021-02-05,190420913
2021-02-06,170588523
2021-02-07,190347466
2021-02-08,214636407
2021-02-09,211558682
2021-02-10,209478910
2021-02-11,208142138
2021-02-12,191251324
2021-02-13,170192641
2021-02-14,185177463
2021-02-15,212235664
2021-02-16,212455439
2021-02-17,209372940
2021-02-18,207483994
2021-02-19,194862361
2021-02-20,178449166
2021-02-21,168071628
2021-02-22,175431613
2021-02-23,182221191
2021-02-24,211849276
2021-02-25,207373568
2021-02-26,190533844
2021-02-27,173947243
2021-02-28,191071636
2021-03-01,212045364
2021-03-02,210273793
2021-03-03,206839356
2021-03-04,201041392
2021-03-05,174440403
2021-03-06,158675294
2021-03-07,163339290
2021-03-08,167331368
2021-03-09,207184781
2021-03-10,209680792
2021-03-11,208106717
2021-03-12,189190725
2021-03-13,169818302
2021-03-14,184583761
2021-03-15,209234383
2021-03-16,207118086
2021-03-17,204758440
2021-03-18,199999615
2021-03-19,184817530
2021-03-20,162120617
2021-03-21,174859997
2021-03-22,199066439
2021-03-23,199052373
2021-03-24,194690743
2021-03-25,190370583
2021-03-26,180385999
2021-03-27,159762494
2021-03-28,171741939
2021-03-29,196412406
2021-03-30,197166885
2021-03-31,195127396
2021-04-01,192497235
2021-04-02,181175039
2021-04-03,161796936
2021-04-04,177484835
2021-04-05,201068951
2021-04-06,199090360
2021-04-07,198778203
2021-04-08,195757987
2021-04-09,179561345
2021-04-10,156450230
2021-04-11,170426201
2021-04-12,198755593
2021-04-13,195739269
2021-04-14,191671415
2021-04-15,186875670
2021-04-16,172618664
2021-04-17,149945538
2021-04-18,169414274
2021-04-19,201912595
2021-04-20,201777813
2021-04-21,199911415
2021-04-22,192561058
2021-04-23,179049213
2021-04-24,158910705
2021-04-25,178176145
2021-04-26,201459308
2021-04-27,198770002
2021-04-28,193525138
2021-04-29,180835964
2021-04-30,162624404
2021-05-01,135811293
2021-05-02,136588211
2021-05-03,153311652
2021-05-04,168431662
2021-05-05,164584170
2021-05-06,162212491
2021-05-07,151885677
2021-05-08,146792148
2021-05-09,143463424
2021-05-10,159803973
2021-05-11,182624042
2021-05-12,183538537
2021-05-13,180555767
2021-05-14,166667592
2021-05-15,141643235
2021-05-16,155103536
2021-05-17,190079678
2021-05-18,188369517
2021-05-19,188748249
2021-05-20,185764616
2021-05-21,170762668
2021-05-22,141942589
2021-05-23,156750873
2021-05-24,189545119
2021-05-25,185398514
2021-05-26,179218319
2021-05-27,174325634
2021-05-28,161583894
2021-05-29,143490360
2021-05-30,153966841
2021-05-31,178709831
2021-06-01,174527274
2021-06-02,174557253
2021-06-03,171640854
2021-06-04,161853870
2021-06-05,137109870
2021-06-06,148137244
2021-06-07,174888598
2021-06-08,172265543
2021-06-09,168918225
2021-06-10,171162726
2021-06-11,157073557
2021-06-12,136348598
2021-06-13,136457271
2021-06-14,145720367
2021-06-15,167823057
2021-06-16,169155562
2021-06-17,165522376
2021-06-18,154854953
2021-06-19,131509020
2021-06-20,141401737
2021-06-21,167750083
2021-06-22,164626339
2021-06-23,162964935
2021-06-24,161490142
2021-06-25,152163932
2021-06-26,131022730
2021-06-27,138933456
2021-06-28,166420624
2021-06-29,165389350
2021-06-30,163399885
2021-07-01,161926267
2021-07-02,154972296
2021-07-03,132546190
2021-07-04,139772762
2021-07-05,166654545
2021-07-06,167730142
2021-07-07,164562205
2021-07-08,161312813
2021-07-09,151633128
2021-07-10,130710389
2021-07-11,142508891
2021-07-12,163406306
2021-07-13,162015055
2021-07-14,161216517
2021-07-15,158355301
2021-07-16,151561351
2021-07-17,131466071
2021-07-18,137632937
2021-07-19,160411411
2021-07-20,159711745
2021-07-21,160985855
2021-07-22,159021249
2021-07-23,152338235
2021-07-24,131392796
2021-07-25,136603566
2021-07-26,159977627
2021-07-27,160259862
2021-07-28,159687142
2021-07-29,156253499
2021-07-30,150472071
2021-07-31,128288318
2021-08-01,135151561
2021-08-02,138318409
2021-08-03,136636384
2021-08-04,137096163
2021-08-05,136283412
2021-08-06,133088387
2021-08-07,116415282
2021-08-08,119805194
2021-08-09,141258689
2021-08-10,141003476
2021-08-11,142579514
2021-08-12,138547462
2021-08-13,131630433
2021-08-14,112546116
2021-08-15,116523472
2021-08-16,139839319
2021-08-17,138396431
2021-08-18,137433530
2021-08-19,137045885
2021-08-20,131000925
2021-08-21,112848667
2021-08-22,118679715
2021-08-23,142851274
2021-08-24,142572679
2021-08-25,140113356
2021-08-26,140244445
2021-08-27,132887200
2021-08-28,113487685
2021-08-29,119473211
2021-08-30,143102477
2021-08-31,141915974
2021-09-01,140252262
2021-09-02,150262454
2021-09-03,142427365
2021-09-04,124592345
2021-09-05,135785313
2021-09-06,158535941
2021-09-07,159549669
2021-09-08,160199111
2021-09-09,157637370
2021-09-10,142855764
2021-09-11,124290744
2021-09-12,137883119
2021-09-13,164593947
2021-09-14,164414114
2021-09-15,164624020
2021-09-16,158041007
2021-09-17,146918241
2021-09-18,128637298
2021-09-19,144089293
2021-09-20,173789133
2021-09-21,170358192
2021-09-22,167605984
2021-09-23,166290907
2021-09-24,151160899
2021-09-25,133031152
2021-09-26,148441485
2021-09-27,175257916
2021-09-28,173186212
2021-09-29,170754586
2021-09-30,166007067
2021-10-01,150561934
2021-10-02,130654034
2021-10-03,144458138
2021-10-04,175392861
2021-10-05,171490730
2021-10-06,171873688
2021-10-07,167920542
2021-10-08,152825391
2021-10-09,131399903
2021-10-10,145701811
2021-10-11,176740055
2021-10-12,177424870
2021-10-13,176020918
2021-10-14,175812536
2021-10-15,157154104
2021-10-16,137505101
2021-10-17,151463427
2021-10-18,180066992
2021-10-19,180031254
2021-10-20,178356438
2021-10-21,174405958
2021-10-22,158657171
2021-10-23,138354584
2021-10-24,150940511
2021-10-25,174164880
2021-10-26,170141907
2021-10-27,166139665
2021-10-28,162587514
2021-10-29,150539304
2021-10-30,134881171
2021-10-31,137552610
2021-11-01,158247674
2021-11-02,160217640
2021-11-03,157152786
2021-11-04,142291397
2021-11-05,142662870
2021-11-06,142176983
2021-11-07,151198671
2021-11-08,178291747
2021-11-09,181092397
2021-11-10,180561790
2021-11-11,180911053
2021-11-12,164587243
2021-11-13,142426219
2021-11-14,156977177
2021-11-15,184626435
2021-11-16,185021676
2021-11-17,180947875
2021-11-18,179910650
2021-11-19,166730100
2021-11-20,146719126
2021-11-21,158259644
2021-11-22,186343927
2021-11-23,186718306
2021-11-24,182536464
2021-11-25,177386642
2021-11-26,163326702
2021-11-27,143817502
2021-11-28,157045824
2021-11-29,184135603
2021-11-30,183039175
2021-12-01,178968109
2021-12-02,176708426
2021-12-03,164028831
2021-12-04,146132935
2021-12-05,159414451
2021-12-06,186481046
2021-12-07,183821996
2021-12-08,181730797
2021-12-09,179309537
2021-12-10,163481264
2021-12-11,144040970
2021-12-12,162496521
2021-12-13,184263113
2021-12-14,184318592
2021-12-15,182499549
2021-12-16,180636163
2021-12-17,165783805
2021-12-18,143526024
2021-12-19,158243321
2021-12-20,183856153
2021-12-21,181523478
2021-12-22,178063336
2021-12-23,173206137
2021-12-24,154904456
2021-12-25,134457145
2021-12-26,141781263
2021-12-27,159221048
2021-12-28,151837784
2021-12-29,141103418
2021-12-30,127558529
2021-12-31,101789125
2022-01-01,112988841
2022-01-02,128820737
2022-01-03,134840405
2022-01-04,139184001
2022-01-05,140562878
2022-01-06,136780303
2022-01-07,135486073
2022-01-08,140976450
2022-01-09,150126060
2022-01-10,177424052
2022-01-11,180056945
2022-01-12,183344031
2022-01-13,178121994
2022-01-14,165749090
2022-01-15,147513875
2022-01-16,163268755
2022-01-17,192773363
2022-01-18,189239360
2022-01-19,183726934
2022-01-20,182798971
2022-01-21,168601709
2022-01-22,146285793
2022-01-23,161611626
2022-01-24,187626448
2022-01-25,187851947
2022-01-26,186319566
2022-01-27,184193816
2022-01-28,172268795
2022-01-29,148846421
2022-01-30,163440131
2022-01-31,191138678
2022-02-01,189145208
2022-02-02,188699386
2022-02-03,187353595
2022-02-04,176326616
2022-02-05,151511144
2022-02-06,162419661
2022-02-07,192771157
2022-02-08,191735512
2022-02-09,191864295
2022-02-10,189273153
2022-02-11,177911677
2022-02-12,151882281
2022-02-13,163505407
2022-02-14,190205031
2022-02-15,196518589
2022-02-16,193632398
2022-02-17,190237436
2022-02-18,176193164
2022-02-19,148091104
2022-02-20,163693187
2022-02-21,187196487
2022-02-22,166868210
2022-02-23,151464286
2022-02-24,178781704
2022-02-25,165909435
2022-02-26,144947097
2022-02-27,158377376
2022-02-28,188858570
2022-03-01,185406547
2022-03-02,184408048
2022-03-03,182956585
2022-03-04,173671745
2022-03-05,157291566
2022-03-06,143546411
2022-03-07,150372776
2022-03-08,154953864
2022-03-09,193939684
2022-03-10,193343965
2022-03-11,179136185
2022-03-12,155911501
2022-03-13,172394029
2022-03-14,201175946
2022-03-15,197433998
2022-03-16,195436866
2022-03-17,190721284
2022-03-18,172105268
2022-03-19,147715645
2022-03-20,159126252
2022-03-21,187295618
2022-03-22,185533456
2022-03-23,182827329
2022-03-24,180047760
2022-03-25,170098436
2022-03-26,147836162
2022-03-27,159816717
2022-03-28,188257163
2022-03-29,187417610
2022-03-30,185225553
2022-03-31,180739089
2022-04-01,168308466
2022-04-02,146719748
2022-04-03,159569007
2022-04-04,190059065
2022-04-05,189712417
2022-04-06,190144608
2022-04-07,186732938
2022-04-08,169436780
2022-04-09,144934906
2022-04-10,159945550
2022-04-11,191137705
2022-04-12,189994040
2022-04-13,186806488
2022-04-14,184697302
2022-04-15,167457835
2022-04-16,144362478
2022-04-17,159272467
2022-04-18,191610041
2022-04-19,189181422
2022-04-20,188304371
2022-04-21,184518185
2022-04-22,168141172
2022-04-23,137649577
2022-04-24,150178889
2022-04-25,190880707
2022-04-26,186880585
2022-04-27,186690961
2022-04-28,181634153
2022-04-29,162476210
2022-04-30,133441939
2022-05-01,129541524
2022-05-02,137988069
2022-05-03,152093133
2022-05-04,186224853
2022-05-05,184062718
2022-05-06,162395775
2022-05-07,131180542
2022-05-08,132035332
2022-05-09,131360248
2022-05-10,159606626
2022-05-11,192956609
2022-05-12,188220892
2022-05-13,171416260
2022-05-14,139185599
2022-05-15,155343946
2022-05-16,192704406
2022-05-17,191055053
2022-05-18,185826577
2022-05-19,183930903
2022-05-20,169224047
2022-05-21,141071779
2022-05-22,156158468
2022-05-23,189667895
2022-05-24,185223611
2022-05-25,176655331
2022-05-26,173316216
2022-05-27,164931601
2022-05-28,140062737
2022-05-29,146130758
2022-05-30,175020777
2022-05-31,172945125
2022-06-01,165765091
2022-06-02,165202894
2022-06-03,158061812
2022-06-04,131278198
2022-06-05,140093065
2022-06-06,172667837
2022-06-07,170158902
2022-06-08,169387676
2022-06-09,161231676
2022-06-10,149128370
2022-06-11,122979640
2022-06-12,127726447
2022-06-13,141224342
2022-06-14,168221252
2022-06-15,165944353
2022-06-16,161900500
2022-06-17,153651680
2022-06-18,128189038
2022-06-19,136844591
2022-06-20,168557984
2022-06-21,168058019
2022-06-22,164515624
2022-06-23,161514056
2022-06-24,147210249
2022-06-25,119050643
2022-06-26,126581283
2022-06-27,158081338
2022-06-28,157116836
2022-06-29,154887395
2022-06-30,152053160
2022-07-01,145532044
2022-07-02,118968653
2022-07-03,127030197
2022-07-04,158633935
2022-07-05,157402625
2022-07-06,154064864
2022-07-07,152724923
2022-07-08,139737474
2022-07-09,119235729
2022-07-10,125046694
2022-07-11,153068761
2022-07-12,153646281
2022-07-13,152441752
2022-07-14,151871111
2022-07-15,144201927
2022-07-16,119889575
2022-07-17,125146809
2022-07-18,154166703
2022-07-19,153011524
2022-07-20,152216917
2022-07-21,151788952
2022-07-22,143333347
2022-07-23,121381327
2022-07-24,126218213
2022-07-25,155438811
2022-07-26,154442300
2022-07-27,151247348
2022-07-28,149386142
2022-07-29,142904775
2022-07-30,121499125
2022-07-31,127546830
2022-08-01,154710869
2022-08-02,153978757
2022-08-03,152345665
2022-08-04,148404623
2022-08-05,139865722
2022-08-06,118483277
2022-08-07,125362034
2022-08-08,153989324
2022-08-09,154531764
2022-08-10,152839361
2022-08-11,151588665
2022-08-12,143614128
2022-08-13,123051853
2022-08-14,129687788
2022-08-15,155214096
2022-08-16,155436422
2022-08-17,154207994
2022-08-18,152500808
2022-08-19,146730997
2022-08-20,125964227
2022-08-21,131952186
2022-08-22,155870736
2022-08-23,154283233
2022-08-24,152759949
2022-08-25,151791827
2022-08-26,144683936
2022-08-27,123778824
2022-08-28,130078888
2022-08-29,155939111
2022-08-30,155755089
2022-08-31,153543755
2022-09-01,146950302
2022-09-02,148708926
2022-09-03,130346886
2022-09-04,142206394
2022-09-05,169603777
2022-09-06,172462511
2022-09-07,172713993
2022-09-08,167047771
2022-09-09,155519261
2022-09-10,134174602
2022-09-11,150443287
2022-09-12,177970282
2022-09-13,175887712
2022-09-14,173447587
2022-09-15,170279873
2022-09-16,155327868
2022-09-17,133468770
2022-09-18,149798733
2022-09-19,179791305
2022-09-20,182480704
2022-09-21,187734622
2022-09-22,174944931
2022-09-23,161072368
2022-09-24,140719634
2022-09-25,154880069
2022-09-26,183011646
2022-09-27,180953308
2022-09-28,181312553
2022-09-29,175151869
2022-09-30,161078839
2022-10-01,136928739
2022-10-02,154406987
2022-10-03,183318559
2022-10-04,178128831
2022-10-05,176139705
2022-10-06,175068971
2022-10-07,158201944
2022-10-08,134839663
2022-10-09,148231924
2022-10-10,178738332
2022-10-11,179907252
2022-10-12,178724295
2022-10-13,176242998
2022-10-14,161718107
2022-10-15,135586997
2022-10-16,152590912
2022-10-17,186750757
2022-10-18,186959144
2022-10-19,185237075
2022-10-20,185173554
2022-10-21,165327891
2022-10-22,142020733
2022-10-23,158555630
2022-10-24,189869977
2022-10-25,186063683
2022-10-26,183745063
2022-10-27,176947011
2022-10-28,161313672
2022-10-29,138685045
2022-10-30,150448090
2022-10-31,173411678
2022-11-01,173705058
2022-11-02,171351609
2022-11-03,161074544
2022-11-04,141677680
2022-11-05,140934621
2022-11-06,153994948
2022-11-07,184685702
2022-11-08,186592503
2022-11-09,186035694
2022-11-10,182382148
2022-11-11,163476890
2022-11-12,144533278
2022-11-13,168031503
2022-11-14,196327033
2022-11-15,192936959
2022-11-16,189433832
2022-11-17,185855621
2022-11-18,170248526
2022-11-19,144928686
2022-11-20,159329832
2022-11-21,191696415
2022-11-22,189291572
2022-11-23,187854544
2022-11-24,191462673
2022-11-25,175176385
2022-11-26,153343226
2022-11-27,166847395
2022-11-28,198520792
2022-11-29,191688501
2022-11-30,188171387
2022-12-01,187440037
2022-12-02,170783643
2022-12-03,150162888
2022-12-04,167131052
2022-12-05,196388272
2022-12-06,194912866
2022-12-07,191476992
2022-12-08,188069157
2022-12-09,174372951
2022-12-10,151209661
2022-12-11,165229334
2022-12-12,195445210
2022-12-13,195208810
2022-12-14,191061276
2022-12-15,186606435
2022-12-16,171023083
2022-12-17,149188058
2022-12-18,164231280
2022-12-19,192988465
2022-12-20,190119874
2022-12-21,187451262
2022-12-22,183211064
2022-12-23,165614414
2022-12-24,144684120
2022-12-25,153584871
2022-12-26,177382384
2022-12-27,167731644
2022-12-28,158301871
2022-12-29,147661491
2022-12-30,133133424
2022-12-31,109322922
2023-01-01,120170664
2023-01-02,137056222
2023-01-03,140567119
2023-01-04,143986884
2023-01-05,144343159
2023-01-06,145073421
2023-01-07,147311953
2023-01-08,155132025
2023-01-09,186828328
2023-01-10,189827690
2023-01-11,189325190
2023-01-12,187920765
2023-01-13,171198599
2023-01-14,152235990
2023-01-15,168217180
2023-01-16,198585591
2023-01-17,199813247
2023-01-18,197917292
2023-01-19,193097281
2023-01-20,177510829
2023-01-21,153370767
2023-01-22,168730060
2023-01-23,200554060
2023-01-24,198933829
2023-01-25,196987301
2023-01-26,192960759
2023-01-27,177675147
2023-01-28,154910671
2023-01-29,167843047
2023-01-30,202802609
2023-01-31,199363507
2023-02-01,199968779
2023-02-02,199062872
2023-02-03,183221620
2023-02-04,158095793
2023-02-05,173052893
2023-02-06,204022403
2023-02-07,204528337
2023-02-08,200673449
2023-02-09,197267682
2023-02-10,180530510
2023-02-11,155511939
2023-02-12,172067931
2023-02-13,202756533
2023-02-14,198480865
2023-02-15,196422338
2023-02-16,190872524
2023-02-17,177450394
2023-02-18,153323443
2023-02-19,168316441
2023-02-20,196617078
2023-02-21,194551489
2023-02-22,170472696
2023-02-23,147596043
2023-02-24,152806110
2023-02-25,154429334
2023-02-26,168909183
2023-02-27,201454146
2023-02-28,200964107
2023-03-01,201615565
2023-03-02,198630564
2023-03-03,181897251
2023-03-04,159066581
2023-03-05,175286936
2023-03-06,198816908
2023-03-07,170585233
2023-03-08,157532030
2023-03-09,195231165
2023-03-10,180289642
2023-03-11,156889249
2023-03-12,175257346
2023-03-13,206913131
2023-03-14,206693881
2023-03-15,200506916
2023-03-16,199656770
2023-03-17,181099617
2023-03-18,157060536
2023-03-19,171838988
2023-03-20,204681573
2023-03-21,197948224
2023-03-22,193052274
2023-03-23,191326395
2023-03-24,176193073
2023-03-25,151869885
2023-03-26,163260076
2023-03-27,192869295
2023-03-28,191676839
2023-03-29,190648954
2023-03-30,190739242
2023-03-31,180630230
2023-04-01,155082638
2023-04-02,164706322
2023-04-03,196360026
2023-04-04,197159241
2023-04-05,194693781
2023-04-06,192744068
2023-04-07,178549730
2023-04-08,149112497
2023-04-09,166592722
2023-04-10,200321409
2023-04-11,198643625
2023-04-12,194317172
2023-04-13,192083643
2023-04-14,179607759
2023-04-15,151035220
2023-04-16,155663133
2023-04-17,199557003
2023-04-18,196332247
2023-04-19,195733743
2023-04-20,193121497
2023-04-21,174151557
2023-04-22,148075693
2023-04-23,161305401
2023-04-24,197601366
2023-04-25,195361701
2023-04-26,195776808
2023-04-27,192742612
2023-04-28,173775120
2023-04-29,145961029
2023-04-30,150218766
2023-05-01,165382564
2023-05-02,198032768
2023-05-03,194252222
2023-05-04,186185063
2023-05-05,169792777
2023-05-06,143174319
2023-05-07,144800870
2023-05-08,150003861
2023-05-09,156132170
2023-05-10,197631499
2023-05-11,193619715
2023-05-12,174427603
2023-05-13,144902192
2023-05-14,161450953
2023-05-15,197010682
2023-05-16,193531706
2023-05-17,189073122
2023-05-18,187057438
2023-05-19,170516842
2023-05-20,139531061
2023-05-21,150336130
2023-05-22,186815021
2023-05-23,179987005
2023-05-24,177553495
2023-05-25,173215097
2023-05-26,160443983
2023-05-27,135440763
2023-05-28,145541402
2023-05-29,175657458
2023-05-30,172938215
2023-05-31,172521643
2023-06-01,165256300
2023-06-02,157366404
2023-06-03,136797781
2023-06-04,144602554
2023-06-05,174612532
2023-06-06,169341695
2023-06-07,167725133
2023-06-08,164935692
2023-06-09,156013452
2023-06-10,130718165
2023-06-11,132945857
2023-06-12,142281239
2023-06-13,167465311
2023-06-14,166662468
2023-06-15,161282909
2023-06-16,148789004
2023-06-17,123409696
2023-06-18,133251396
2023-06-19,164885815
2023-06-20,164518005
2023-06-21,161120453
2023-06-22,158636299
2023-06-23,147705447
2023-06-24,133433650
2023-06-25,130200415
2023-06-26,159885175
2023-06-27,158081867
2023-06-28,156901165
2023-06-29,158820086
2023-06-30,151476509
2023-07-01,127808809
2023-07-02,129821453
2023-07-03,157798021
2023-07-04,156019951
2023-07-05,154635797
2023-07-06,154416420
2023-07-07,146517214
2023-07-08,121930303
2023-07-09,130654529
2023-07-10,157991251
2023-07-11,157537418
2023-07-12,157177031
2023-07-13,154516800
2023-07-14,146812698
2023-07-15,124512503
2023-07-16,127615595
2023-07-17,153748001
2023-07-18,154971871
2023-07-19,153944228
2023-07-20,149371444
2023-07-21,143878434
2023-07-22,121423663
2023-07-23,129021924
2023-07-24,147713386
2023-07-25,153241698
2023-07-26,150744808
2023-07-27,147806025
2023-07-28,144185632
2023-07-29,122581671
2023-07-30,126262331
2023-07-31,150351038
2023-08-01,149078296
2023-08-02,149053191
2023-08-03,148814770
2023-08-04,140043307
2023-08-05,118236315
2023-08-06,123321560
2023-08-07,151194312
2023-08-08,152286511
2023-08-09,152081492
2023-08-10,149646906
2023-08-11,143925705
2023-08-12,124681521
2023-08-13,127742931
2023-08-14,153858114
2023-08-15,153442483
2023-08-16,150782131
2023-08-17,148911182
2023-08-18,142374040
2023-08-19,122273721
2023-08-20,129091755
2023-08-21,156461773
2023-08-22,155385744
2023-08-23,154501471
2023-08-24,150510056
2023-08-25,143354822
2023-08-26,124015362
2023-08-27,128974088
2023-08-28,156576832
2023-08-29,156267531
2023-08-30,154844409
2023-08-31,150848352
2023-09-01,139629263
2023-09-02,130508969
2023-09-03,137693593
2023-09-04,167636866
2023-09-05,173527072
2023-09-06,171940734
2023-09-07,169259451
2023-09-08,158517357
2023-09-09,136350211
2023-09-10,147245624
2023-09-11,179164522
2023-09-12,179735451
2023-09-13,178608488
2023-09-14,173676863
2023-09-15,157156059
2023-09-16,136014203
2023-09-17,149099363
2023-09-18,183096889
2023-09-19,182679498
2023-09-20,177003368
2023-09-21,174728554
2023-09-22,156524501
2023-09-23,133144529
2023-09-24,149632043
2023-09-25,183562578
2023-09-26,183335070
2023-09-27,180730118
2023-09-28,175914523
2023-09-29,158270508
2023-09-30,135263923
2023-10-01,151536184
2023-10-02,181494333
2023-10-03,182918464
2023-10-04,179699417
2023-10-05,172628806
2023-10-06,160482261
2023-10-07,140154865
2023-10-08,154254913
2023-10-09,182755416
2023-10-10,181337858
2023-10-11,180758715
2023-10-12,180783989
2023-10-13,162374501
2023-10-14,140999120
2023-10-15,155170425
2023-10-16,189739477
2023-10-17,189252956
2023-10-18,185426768
2023-10-19,183078613
2023-10-20,164781521
2023-10-21,144694666
2023-10-22,157040553
2023-10-23,192086123
2023-10-24,190506541
2023-10-25,184815871
2023-10-26,178571290
2023-10-27,161783817
2023-10-28,142091787
2023-10-29,147987597
2023-10-30,173436352
2023-10-31,170419185
2023-11-01,167304158
2023-11-02,169371053
2023-11-03,158651127
2023-11-04,140216276
2023-11-05,144978506
2023-11-06,161582955
2023-11-07,187236018
2023-11-08,188700395
2023-11-09,187404876
2023-11-10,167778873
2023-11-11,146822921
2023-11-12,164776845
2023-11-13,194821708
2023-11-14,192181878
2023-11-15,190519534
2023-11-16,187558469
2023-11-17,168826815
2023-11-18,146672494
2023-11-19,160790967
2023-11-20,190624013
2023-11-21,190060961
2023-11-22,189589824
2023-11-23,186047328
2023-11-24,168998571
2023-11-25,149928347
2023-11-26,161974316
2023-11-27,192911719
2023-11-28,193118143
2023-11-29,191432041
2023-11-30,189773296
2023-12-01,171980930
2023-12-02,149830645
2023-12-03,165804546
2023-12-04,195273038
